{"cameraMode":{"drawMode":0,"name":"Shaded","section":"Shading Mode"},"sceneLighting":true,"audioPlay":false,"sceneViewState":{"m_AlwaysRefresh":false,"showFog":true,"showSkybox":true,"showFlares":true,"showImageEffects":true,"showParticleSystems":true,"showVisualEffectGraphs":true,"m_FxEnabled":true},"in2DMode":false,"pivot":{"x":468.8381042480469,"y":-39.537872314453128,"z":150.31893920898438},"rotation":{"x":0.29225122928619387,"y":0.022245759144425393,"z":0.0017557297833263875,"w":0.9588552117347717},"size":36.491355895996097,"orthographic":false}