{"cameraMode":{"drawMode":0,"name":"Shaded","section":"Shading Mode"},"sceneLighting":false,"audioPlay":false,"sceneViewState":{"m_AlwaysRefresh":false,"showFog":true,"showSkybox":false,"showFlares":true,"showImageEffects":true,"showParticleSystems":true,"showVisualEffectGraphs":true,"m_FxEnabled":true},"in2DMode":false,"pivot":{"x":-25.15679168701172,"y":0.44289878010749819,"z":14.692191123962403},"rotation":{"x":-0.11500149965286255,"y":-0.6886863708496094,"z":0.10781770944595337,"w":-0.7090772390365601},"size":20.479551315307618,"orthographic":false}